Posting Date,Transaction Date,Amount,Credit Debit Indicator,type,Type Group,Reference,Instructed Currency,Currency Exchange Rate,Instructed Amount,Description,Category,Check Serial Number,Card Ending
02/11/2025,02/11/2025,42539.32,Credit,Deposit,Deposit,,,,,Mobile Deposit,Deposits,,
02/10/2025,02/10/2025,24405.67,Credit,Deposit,Deposit,,,,,Mobile Deposit,Deposits,,
02/10/2025,02/10/2025,4556.00,Credit,Deposit,Deposit,,,,,Mobile Deposit,Deposits,,
02/10/2025,02/10/2025,1653.75,Credit,Deposit,Deposit,,,,,Mobile Deposit,Deposits,,
02/06/2025,02/06/2025,2146.00,Debit,Check,Check,,,,,Paid Check 7046,Checks,7046,
02/06/2025,02/06/2025,5000.00,Debit,ACH Debit,ACH Debit,,,,,Iconic,Charitable Giving,9999999999,
02/03/2025,02/03/2025,54.75,Debit,Transfer,Transfer,,,,,Transfer To Greg S Mudd -3429,Transfers,,
02/03/2025,02/03/2025,4000.00,Debit,ACH Debit,ACH Debit,,,,,Iconic,Charitable Giving,9999999999,
02/03/2025,02/03/2025,130.00,Debit,ACH Debit,ACH Debit,,,,,ACH Debit - Marvin Bernal,Utilities,9999999999,
02/03/2025,02/03/2025,107.54,Debit,ACH Debit,ACH Debit,,,,,Benjamin Garcia,Restaurants/Dining,9999999999,
01/31/2025,01/31/2025,0.14,Credit,Credit,Credit,,,,,Interest Income,Interest,,
01/31/2025,01/31/2025,5000.00,Debit,ACH Debit,ACH Debit,,,,,Iconic,Charitable Giving,9999999999,
01/30/2025,01/30/2025,5000.00,Debit,ACH Debit,ACH Debit,,,,,Iconic,Charitable Giving,9999999999,
01/30/2025,01/30/2025,11765.00,Credit,Deposit,Deposit,,,,,Mobile Deposit,Deposits,,
01/28/2025,01/28/2025,9777.89,Credit,Deposit,Deposit,,,,,Mobile Deposit,Deposits,,
01/21/2025,01/21/2025,45006.11,Debit,Debit,Debit,,,,,Withdrawal By Wire,Transfers,,
01/21/2025,01/21/2025,20.00,Debit,Debit,Debit,,,,,Wire Fee,Service Charges/Fees,,
01/21/2025,01/21/2025,1262.04,Credit,Transfer,Transfer,,,,,Transfer From Greg S Mudd -3429,Transfers,,
01/21/2025,01/21/2025,1000.00,Credit,Deposit,Deposit,,,,,Real Time Deposit: ICONIC MIND LLC VIA WISE,Deposits,,
01/21/2025,01/21/2025,126.00,Credit,Deposit,Deposit,,,,,Mobile Deposit,Deposits,,
01/21/2025,01/21/2025,126.00,Credit,Deposit,Deposit,,,,,Mobile Deposit,Deposits,,
01/21/2025,01/21/2025,126.00,Credit,Deposit,Deposit,,,,,Mobile Deposit,Deposits,,
01/17/2025,01/17/2025,130.00,Debit,ACH Debit,ACH Debit,,,,,ACH  Debit - Marvin Bernal,,9999999999,
01/17/2025,01/17/2025,107.54,Debit,ACH Debit,ACH Debit,,,,,ACH  Debit - Benjamin Garcia,,9999999999,
01/15/2025,01/15/2025,11.00,Debit,ACH Debit,ACH Debit,,,,,ACH Debit - Usaepay Gateway  Gatewy Chg 12204348,,12204348,
01/14/2025,01/14/2025,3160.91,Debit,ACH Debit,ACH Debit,,,,,Iconic,Charitable Giving,9999999999,
01/13/2025,01/13/2025,31352.86,Credit,Deposit,Deposit,,,,,Mobile Deposit,Deposits,,
01/13/2025,01/13/2025,9450.00,Credit,Deposit,Deposit,,,,,Mobile Deposit,Deposits,,
01/13/2025,01/13/2025,4556.00,Credit,Deposit,Deposit,,,,,Mobile Deposit,Deposits,,
01/13/2025,01/13/2025,1653.75,Credit,Deposit,Deposit,,,,,Mobile Deposit,Deposits,,
01/13/2025,01/13/2025,415.00,Credit,Deposit,Deposit,,,,,Mobile Deposit,Deposits,,
12/31/2024,12/31/2024,0.24,Credit,Credit,Credit,,,,,Interest Income,Interest,,
12/31/2024,12/31/2024,13.00,Debit,ACH Debit,ACH Debit,,,,,ACH Debit - Marvin Bernal,Utilities,9999999999,
12/27/2024,12/27/2024,40006.11,Debit,Debit,Debit,,,,,Withdrawal By Wire,Transfers,,
12/27/2024,12/27/2024,20.00,Debit,Debit,Debit,,,,,Wire Fee,Service Charges/Fees,,
12/26/2024,12/26/2024,5000.00,Debit,ACH Debit,ACH Debit,,,,,Iconic,Charitable Giving,9999999999,
12/26/2024,12/26/2024,19555.91,Credit,Transfer,Transfer,,,,,Transfer From Savings -6492,Transfers,,
12/24/2024,12/24/2024,25006.11,Debit,Debit,Debit,,,,,Withdrawal By Wire,Transfers,,
12/24/2024,12/24/2024,20.00,Debit,Debit,Debit,,,,,Wire Fee,Service Charges/Fees,,
12/24/2024,12/24/2024,24170.38,Credit,Deposit,Deposit,,,,,Mobile Deposit,Deposits,,
12/17/2024,12/17/2024,11.00,Debit,ACH Debit,ACH Debit,,,,,- Usaepay Gateway Gatewy Chg XX4348,Groceries,12204348,
12/17/2024,12/17/2024,5000.00,Debit,ACH Debit,ACH Debit,,,,,Iconic,Charitable Giving,9999999999,
12/16/2024,12/16/2024,5000.00,Debit,ACH Debit,ACH Debit,,,,,Iconic,Charitable Giving,9999999999,
12/11/2024,12/11/2024,5000.00,Debit,ACH Debit,ACH Debit,,,,,Iconic,Charitable Giving,9999999999,
12/10/2024,12/10/2024,5000.00,Debit,ACH Debit,ACH Debit,,,,,Iconic,Charitable Giving,9999999999,
12/10/2024,12/10/2024,31352.86,Credit,Deposit,Deposit,,,,,Mobile Deposit,Deposits,,
12/09/2024,12/09/2024,4556.00,Credit,Deposit,Deposit,,,,,Mobile Deposit,Deposits,,
12/09/2024,12/09/2024,1653.75,Credit,Deposit,Deposit,,,,,Mobile Deposit,Deposits,,
12/06/2024,12/06/2024,9450.00,Credit,Deposit,Deposit,,,,,Mobile Deposit,Deposits,,
12/05/2024,12/05/2024,55006.11,Debit,Debit,Debit,,,,,Withdrawal By Wire,Transfers,,
12/05/2024,12/05/2024,20.00,Debit,Debit,Debit,,,,,Wire Fee,Service Charges/Fees,,
12/03/2024,12/03/2024,5000.00,Debit,ACH Debit,ACH Debit,,,,,Iconic,Charitable Giving,9999999999,
12/02/2024,12/02/2024,5000.00,Debit,ACH Debit,ACH Debit,,,,,Iconic,Charitable Giving,9999999999,
12/02/2024,12/02/2024,415.00,Credit,Deposit,Deposit,,,,,Mobile Deposit,Deposits,,
11/29/2024,11/29/2024,0.10,Credit,Credit,Credit,,,,,Interest Income,Interest,,
11/29/2024,11/29/2024,52094.64,Credit,Deposit,Deposit,,,,,Branch Deposit,Deposits,,
11/25/2024,11/25/2024,8525.47,Credit,Deposit,Deposit,,,,,Mobile Deposit,Deposits,,
11/22/2024,11/22/2024,126.00,Credit,Deposit,Deposit,,,,,Mobile Deposit,Deposits,,
11/22/2024,11/22/2024,126.00,Credit,Deposit,Deposit,,,,,Mobile Deposit,Deposits,,
11/18/2024,11/18/2024,11.00,Debit,ACH Debit,ACH Debit,,,,,- Usaepay Gateway Gatewy Chg XX4348,Groceries,12204348,
11/18/2024,11/18/2024,250.00,Debit,ACH Debit,ACH Debit,,,,,Benjamin Garcia,Restaurants/Dining,9999999999,
11/18/2024,11/18/2024,130.00,Debit,ACH Debit,ACH Debit,,,,,ACH Debit - Marvin Bernal,Utilities,9999999999,
11/12/2024,11/12/2024,2695.00,Debit,ACH Debit,ACH Debit,,,,,ACH Debit - William Sanchez,Other Expenses,9999999999,
11/08/2024,11/08/2024,5.00,Debit,ACH Debit,ACH Debit,,,,,ACH Debit - William Sanchez,Other Expenses,9999999999,
11/01/2024,11/01/2024,130.00,Debit,ACH Debit,ACH Debit,,,,,ACH Debit - Marvin Bernal,Utilities,9999999999,
11/01/2024,11/01/2024,107.54,Debit,ACH Debit,ACH Debit,,,,,Benjamin Garcia,Restaurants/Dining,9999999999,
10/31/2024,10/31/2024,0.14,Credit,Credit,Credit,,,,,Interest Income,Interest,,
10/31/2024,10/31/2024,4556.00,Credit,Deposit,Deposit,,,,,Mobile Deposit,Deposits,,
10/31/2024,10/31/2024,1653.75,Credit,Deposit,Deposit,,,,,Mobile Deposit,Deposits,,
10/28/2024,10/28/2024,1920.00,Debit,Check,Check,,,,,Paid Check 7013,Checks,7013,
10/28/2024,10/28/2024,1110.00,Credit,Deposit,Deposit,,,,,Mobile Deposit,Deposits,,
10/23/2024,10/23/2024,40006.11,Debit,Debit,Debit,,,,,Withdrawal By Wire,Transfers,,
10/23/2024,10/23/2024,5000.00,Debit,ACH Debit,ACH Debit,,,,,Iconic,Charitable Giving,9999999999,
10/23/2024,10/23/2024,14.00,Debit,Debit,Debit,,,,,Wire Fee,Service Charges/Fees,,
10/18/2024,10/18/2024,5000.00,Debit,ACH Debit,ACH Debit,,,,,Iconic,Charitable Giving,9999999999,
10/18/2024,10/18/2024,29371.63,Credit,Deposit,Deposit,,,,,Mobile Deposit,Deposits,,
10/17/2024,10/17/2024,5000.00,Debit,Transfer,Transfer,,,,,Transfer To Greg S Mudd -3429,Transfers,,
10/17/2024,10/17/2024,5000.00,Credit,Transfer,Transfer,,,,,Transfer From Greg S Mudd -3429,Transfers,,
10/16/2024,10/16/2024,11.00,Debit,ACH Debit,ACH Debit,,,,,- Usaepay Gateway Gatewy Chg XX4348,Groceries,12204348,
10/16/2024,10/16/2024,3500.00,Debit,ACH Debit,ACH Debit,,,,,Iconic,Charitable Giving,9999999999,
10/16/2024,10/16/2024,130.00,Debit,ACH Debit,ACH Debit,,,,,ACH Debit - Marvin Bernal,Utilities,9999999999,
10/15/2024,10/15/2024,5000.00,Debit,ACH Debit,ACH Debit,,,,,Iconic,Charitable Giving,9999999999,
10/15/2024,10/15/2024,24213.39,Credit,Deposit,Deposit,,,,,Mobile Deposit,Deposits,,
10/10/2024,10/10/2024,5000.00,Debit,Transfer,Transfer,,,,,Transfer To Greg S Mudd -3429,Transfers,,
10/10/2024,10/10/2024,5000.00,Debit,Transfer,Transfer,,,,,Transfer To Greg S Mudd -3429,Transfers,,
10/10/2024,10/10/2024,2509.35,Debit,Transfer,Transfer,,,,,Transfer To Greg S Mudd -3429,Transfers,,
10/10/2024,10/10/2024,5000.00,Debit,ACH Debit,ACH Debit,,,,,Iconic,Charitable Giving,9999999999,
10/09/2024,10/09/2024,5000.00,Debit,Transfer,Transfer,,,,,Transfer To Greg S Mudd -3429,Transfers,,
10/09/2024,10/09/2024,240.00,Debit,Check,Check,,,,,7044,Other Expenses,7044,
10/08/2024,10/08/2024,1000.00,Debit,ACH Debit,ACH Debit,,,,,Iconic,Charitable Giving,9999999999,
10/08/2024,10/08/2024,21905.60,Credit,Deposit,Deposit,,,,,Mobile Deposit,Deposits,,
10/07/2024,10/07/2024,5000.00,Debit,ACH Debit,ACH Debit,,,,,Iconic,Charitable Giving,9999999999,
10/07/2024,10/07/2024,9450.00,Credit,Deposit,Deposit,,,,,Mobile Deposit,Deposits,,
10/04/2024,10/04/2024,3000.00,Debit,ACH Debit,ACH Debit,,,,,Iconic,Charitable Giving,9999999999,
10/03/2024,10/03/2024,5000.00,Debit,ACH Debit,ACH Debit,,,,,Iconic,Charitable Giving,9999999999,
10/03/2024,10/03/2024,4556.00,Credit,Deposit,Deposit,,,,,Mobile Deposit,Deposits,,
10/03/2024,10/03/2024,1643.75,Credit,Deposit,Deposit,,,,,Mobile Deposit,Deposits,,
10/01/2024,10/01/2024,1000.00,Debit,ACH Debit,ACH Debit,,,,,Iconic,Charitable Giving,9999999999,
10/01/2024,10/01/2024,1110.00,Credit,Deposit,Deposit,,,,,Mobile Deposit,Deposits,,
10/01/2024,10/01/2024,126.00,Credit,Deposit,Deposit,,,,,Mobile Deposit,Deposits,,
09/30/2024,09/30/2024,0.15,Credit,Credit,Credit,,,,,Interest Income,Interest,,
09/30/2024,09/30/2024,4556.00,Credit,Deposit,Deposit,,,,,Mobile Deposit,Deposits,,
09/30/2024,09/30/2024,1653.75,Credit,Deposit,Deposit,,,,,Mobile Deposit,Deposits,,
09/30/2024,09/30/2024,232.50,Credit,Deposit,Deposit,,,,,Mobile Deposit,Deposits,,
09/25/2024,09/25/2024,40006.11,Debit,Debit,Debit,,,,,Withdrawal By Wire,Transfers,,
09/25/2024,09/25/2024,14.00,Debit,Debit,Debit,,,,,Wire Fee,Service Charges/Fees,,
09/18/2024,09/18/2024,415.00,Credit,Deposit,Deposit,,,,,Mobile Deposit,Deposits,,
09/17/2024,09/17/2024,11.00,Debit,ACH Debit,ACH Debit,,,,,- Usaepay Gateway Gatewy Chg XX4348,Groceries,12204348,
09/13/2024,09/13/2024,40473.35,Credit,Deposit,Deposit,,,,,Mobile Deposit,Deposits,,
09/11/2024,09/11/2024,4000.00,Debit,ACH Debit,ACH Debit,,,,,Iconic,Charitable Giving,9999999999,
09/10/2024,09/10/2024,5000.00,Debit,ACH Debit,ACH Debit,,,,,Iconic,Charitable Giving,9999999999,
09/09/2024,09/09/2024,1500.00,Debit,ACH Debit,ACH Debit,,,,,Iconic,Charitable Giving,9999999999,
09/06/2024,09/06/2024,9450.00,Credit,Deposit,Deposit,,,,,Mobile Deposit,Deposits,,
09/03/2024,09/03/2024,1110.00,Credit,Deposit,Deposit,,,,,Mobile Deposit,Deposits,,
08/30/2024,08/30/2024,0.09,Credit,Credit,Credit,,,,,Interest Income,Interest,,
08/27/2024,08/27/2024,15.00,Credit,Deposit,Deposit,,,,,Mobile Deposit,Deposits,,
08/26/2024,08/26/2024,23.85,Credit,ACH Credit,ACH Credit,,,,,Wise Inc Deposit,Deposits,2100002,
08/22/2024,08/22/2024,1845.00,Debit,Check,Check,,,,,Paid Check 7284,Checks,7284,
08/19/2024,08/19/2024,45006.11,Debit,Debit,Debit,,,,,Withdrawal By Wire,Transfers,,
08/19/2024,08/19/2024,14.00,Debit,Debit,Debit,,,,,Wire Fee,Service Charges/Fees,,
08/19/2024,08/19/2024,415.00,Credit,Deposit,Deposit,,,,,Mobile Deposit,Deposits,,
08/15/2024,08/15/2024,11.00,Debit,ACH Debit,ACH Debit,,,,,- Usaepay Gateway Gatewy Chg XX4348,Groceries,12204348,
08/14/2024,08/14/2024,44982.26,Credit,Deposit,Deposit,,,,,Mobile Deposit,Deposits,,
08/09/2024,08/09/2024,1732.50,Debit,Check,Check,,,,,Paid Check 5133,Checks,5133,
08/09/2024,08/09/2024,1000.00,Debit,ACH Debit,ACH Debit,,,,,Iconic,Transfers,9999999999,
08/08/2024,08/08/2024,5000.00,Debit,ACH Debit,ACH Debit,,,,,Iconic,Transfers,9999999999,
08/07/2024,08/07/2024,2000.00,Debit,Transfer,Transfer,,,,,Transfer To Greg S Mudd -3429,Transfers,,
08/07/2024,08/07/2024,4000.00,Debit,ACH Debit,ACH Debit,,,,,Iconic,Transfers,9999999999,
08/07/2024,08/07/2024,2000.00,Credit,Transfer,Transfer,,,,,Transfer From Greg S Mudd -3429,Transfers,,
08/06/2024,08/06/2024,5000.00,Debit,ACH Debit,ACH Debit,,,,,Iconic,Transfers,9999999999,
08/06/2024,08/06/2024,9450.00,Credit,Deposit,Deposit,,,,,Mobile Deposit,Deposits,,
08/05/2024,08/05/2024,1189.00,Credit,Deposit,Deposit,,,,,Mobile Deposit,Deposits,,
08/02/2024,08/02/2024,3000.00,Debit,ACH Debit,ACH Debit,,,,,Iconic,Transfers,9999999999,
08/02/2024,08/02/2024,251.13,Debit,ACH Debit,ACH Debit,,,,,Benjamin Garcia,Restaurants/Dining,9999999999,
08/02/2024,08/02/2024,130.00,Debit,ACH Debit,ACH Debit,,,,,ACH Debit - Marvin Bernal,Utilities,9999999999,
08/02/2024,08/02/2024,4635.00,Credit,Deposit,Deposit,,,,,Mobile Deposit,Deposits,,
08/02/2024,08/02/2024,1653.75,Credit,Deposit,Deposit,,,,,Mobile Deposit,Deposits,,
08/02/2024,08/02/2024,1110.00,Credit,Deposit,Deposit,,,,,Mobile Deposit,Deposits,,
07/31/2024,07/31/2024,0.17,Credit,Credit,Credit,,,,,Interest Income,Interest,,
07/22/2024,07/22/2024,20000.00,Debit,Debit,Debit,,,,,Withdrawal By Wire,Transfers,,
07/22/2024,07/22/2024,25.00,Debit,Debit,Debit,,,,,Wire Fee,Service Charges/Fees,,
07/19/2024,07/19/2024,130.00,Debit,ACH Debit,ACH Debit,,,,,ACH Debit - Marvin Bernal,Utilities,9999999999,
07/18/2024,07/18/2024,50006.11,Debit,Debit,Debit,,,,,Withdrawal By Wire,Transfers,,
07/18/2024,07/18/2024,14.00,Debit,Debit,Debit,,,,,Wire Fee,Service Charges/Fees,,
07/18/2024,07/18/2024,4556.00,Credit,Deposit,Deposit,,,,,Mobile Deposit,Deposits,,
07/18/2024,07/18/2024,1653.75,Credit,Deposit,Deposit,,,,,Mobile Deposit,Deposits,,
07/18/2024,07/18/2024,1413.73,Credit,Deposit,Deposit,,,,,Mobile Deposit,Deposits,,
07/18/2024,07/18/2024,126.00,Credit,Deposit,Deposit,,,,,Mobile Deposit,Deposits,,
07/17/2024,07/17/2024,5000.00,Debit,ACH Debit,ACH Debit,,,,,Iconic,Transfers,9999999999,
07/16/2024,07/16/2024,11.00,Debit,ACH Debit,ACH Debit,,,,,- Usaepay Gateway Gatewy Chg XX4348,Groceries,12204348,
07/15/2024,07/15/2024,5000.00,Debit,ACH Debit,ACH Debit,,,,,Iconic,Transfers,9999999999,
07/15/2024,07/15/2024,40206.67,Credit,Deposit,Deposit,,,,,Mobile Deposit,Deposits,,
07/15/2024,07/15/2024,415.00,Credit,Deposit,Deposit,,,,,Mobile Deposit,Deposits,,
07/12/2024,07/12/2024,5000.00,Debit,ACH Debit,ACH Debit,,,,,Iconic,Transfers,9999999999,
07/11/2024,07/11/2024,30000.00,Credit,Deposit,Deposit,,,,,Mobile Deposit,Deposits,,
07/10/2024,07/10/2024,5000.00,Debit,ACH Debit,ACH Debit,,,,,Iconic,Transfers,9999999999,
07/09/2024,07/09/2024,9450.00,Credit,Deposit,Deposit,,,,,Mobile Deposit,Deposits,,
07/08/2024,07/08/2024,1732.50,Debit,Check,Check,,,,,Paid Check 5132,Checks,5132,
07/08/2024,07/08/2024,5000.00,Debit,ACH Debit,ACH Debit,,,,,Iconic,Transfers,9999999999,
07/05/2024,07/05/2024,5000.00,Debit,ACH Debit,ACH Debit,,,,,Iconic,Transfers,9999999999,
07/05/2024,07/05/2024,126.00,Credit,Deposit,Deposit,,,,,Mobile Deposit,Deposits,,
07/01/2024,07/01/2024,250.00,Debit,ACH Debit,ACH Debit,,,,,Benjamin Garcia,Restaurants/Dining,9999999999,
07/01/2024,07/01/2024,130.00,Debit,ACH Debit,ACH Debit,,,,,ACH Debit - Marvin Bernal,Utilities,9999999999,
06/28/2024,06/28/2024,0.39,Credit,Credit,Credit,,,,,Interest Income,Interest,,
06/25/2024,06/25/2024,5000.00,Debit,Transfer,Transfer,,,,,Transfer To Greg S Mudd -3429,Transfers,,
06/21/2024,06/21/2024,5000.00,Debit,ACH Debit,ACH Debit,,,,,Iconic,Transfers,9999999999,
06/20/2024,06/20/2024,31.00,Debit,Transfer,Transfer,,,,,Transfer To Greg S Mudd -3429,Transfers,,
06/20/2024,06/20/2024,50006.11,Debit,Debit,Debit,,,,,Withdrawal By Wire,Transfers,,
06/20/2024,06/20/2024,14.00,Debit,Debit,Debit,,,,,Wire Fee,Service Charges/Fees,,
06/20/2024,06/20/2024,3955.00,Credit,Deposit,Deposit,,,,,Mobile Deposit,Deposits,,
06/18/2024,06/18/2024,5000.00,Debit,ACH Debit,ACH Debit,,,,,Iconic,Charitable Giving,9999999999,
06/17/2024,06/17/2024,11.00,Debit,ACH Debit,ACH Debit,,,,,- Usaepay Gateway Gatewy Chg XX4348,Groceries,12204348,
06/17/2024,06/17/2024,250.00,Debit,ACH Debit,ACH Debit,,,,,Benjamin Garcia,Restaurants/Dining,9999999999,
06/17/2024,06/17/2024,130.00,Debit,ACH Debit,ACH Debit,,,,,ACH Debit - Marvin Bernal,Utilities,9999999999,
06/12/2024,06/12/2024,4556.00,Credit,Deposit,Deposit,,,,,Mobile Deposit,Deposits,,
06/12/2024,06/12/2024,1653.75,Credit,Deposit,Deposit,,,,,Mobile Deposit,Deposits,,
06/11/2024,06/11/2024,1732.50,Debit,Check,Check,,,,,Paid Check 5131,Checks,5131,
06/11/2024,06/11/2024,37401.13,Credit,Deposit,Deposit,,,,,Mobile Deposit,Deposits,,
06/10/2024,06/10/2024,3616.09,Debit,Transfer,Transfer,,,,,Transfer To Greg S Mudd -3429,Transfers,,
06/10/2024,06/10/2024,126.00,Credit,Deposit,Deposit,,,,,Mobile Deposit,Deposits,,
06/07/2024,06/07/2024,9450.00,Credit,Deposit,Deposit,,,,,Mobile Deposit,Deposits,,
06/04/2024,06/04/2024,28897.50,Debit,Check,Check,,,,,Paid Check 7210,Checks,7210,
06/04/2024,06/04/2024,801.41,Debit,Check,Check,,,,,Paid Check 7211,Checks,7211,
06/03/2024,06/03/2024,28899.50,Debit,Check,Check,,,,,Paid Check 7209,Checks,7209,
05/31/2024,05/31/2024,0.68,Credit,Credit,Credit,,,,,Interest Income,Interest,,
05/31/2024,05/31/2024,250.00,Debit,ACH Debit,ACH Debit,,,,,Benjamin Garcia,Restaurants/Dining,9999999999,
05/31/2024,05/31/2024,130.00,Debit,ACH Debit,ACH Debit,,,,,ACH Debit - Marvin Bernal,Utilities,9999999999,
05/28/2024,05/28/2024,1110.00,Credit,Deposit,Deposit,,,,,Mobile Deposit,Deposits,,
05/28/2024,05/28/2024,415.00,Credit,Deposit,Deposit,,,,,Mobile Deposit,Deposits,,
05/23/2024,05/23/2024,1653.75,Credit,Deposit,Deposit,,,,,Mobile Deposit,Deposits,,
05/21/2024,05/21/2024,4999.99,Debit,Transfer,Transfer,,,,,Transfer To Greg S Mudd -3429,Transfers,,
05/16/2024,05/16/2024,250.00,Debit,ACH Debit,ACH Debit,,,,,Benjamin Garcia,Restaurants/Dining,9999999999,
05/16/2024,05/16/2024,130.00,Debit,ACH Debit,ACH Debit,,,,,ACH Debit - Marvin Bernal,Utilities,9999999999,
05/15/2024,05/15/2024,11.00,Debit,ACH Debit,ACH Debit,,,,,- Usaepay Gateway Gatewy Chg XX4348,Groceries,12204348,
05/14/2024,05/14/2024,1280.00,Debit,Check,Check,,,,,Paid Check 7208,Checks,7208,
05/14/2024,05/14/2024,550.00,Debit,Check,Check,,,,,Paid Check 7206,Checks,7206,
05/14/2024,05/14/2024,292.00,Debit,Check,Check,,,,,Paid Check 7205,Checks,7205,
05/13/2024,05/13/2024,1732.50,Debit,Check,Check,,,,,Paid Check 5129,Checks,5129,
05/13/2024,05/13/2024,1716.02,Debit,Check,Check,,,,,Paid Check 7207,Checks,7207,
05/13/2024,05/13/2024,44147.90,Credit,Deposit,Deposit,,,,,Mobile Deposit,Deposits,,
05/10/2024,05/10/2024,4556.00,Credit,Deposit,Deposit,,,,,Mobile Deposit,Deposits,,
05/10/2024,05/10/2024,3697.24,Credit,Deposit,Deposit,,,,,Mobile Deposit,Deposits,,
05/10/2024,05/10/2024,1068.00,Credit,Deposit,Deposit,,,,,Mobile Deposit,Deposits,,
05/07/2024,05/07/2024,28897.50,Debit,Check,Check,,,,,Paid Check 7182,Checks,7182,
05/07/2024,05/07/2024,100.00,Debit,Check,Check,,,,,Paid Check 7283,Checks,7283,
05/07/2024,05/07/2024,4999.99,Debit,Transfer,Transfer,,,,,Transfer To Greg S Mudd -3429,Transfers,,
05/07/2024,05/07/2024,4999.99,Debit,Transfer,Transfer,,,,,Transfer To Greg S Mudd -3429,Transfers,,
05/06/2024,05/06/2024,9450.00,Credit,Deposit,Deposit,,,,,Mobile Deposit,Deposits,,
05/03/2024,05/03/2024,480.00,Debit,Check,Check,,,,,Paid Check 5130000001,Checks,5130000001,
05/01/2024,05/01/2024,250.00,Debit,ACH Debit,ACH Debit,,,,,Benjamin Garcia,Restaurants/Dining,9999999999,
05/01/2024,05/01/2024,130.00,Debit,ACH Debit,ACH Debit,,,,,ACH Debit - Marvin Bernal,Utilities,9999999999,
05/01/2024,05/01/2024,415.00,Credit,Deposit,Deposit,,,,,Mobile Deposit,Deposits,,
04/30/2024,04/30/2024,0.64,Credit,Credit,Credit,,,,,Interest Income,Interest,,
04/30/2024,04/30/2024,2000.00,Debit,Check,Check,,,,,Paid Check 7036,Checks,7036,
04/29/2024,04/29/2024,5210.00,Debit,Check,Check,,,,,Paid Check 7037,Checks,7037,
04/29/2024,04/29/2024,4999.99,Debit,Transfer,Transfer,,,,,Transfer To Greg S Mudd -3429,Transfers,,
04/29/2024,04/29/2024,3290.00,Debit,Check,Check,,,,,Paid Check 7282,Checks,7282,
04/29/2024,04/29/2024,4556.00,Credit,Deposit,Deposit,,,,,Mobile Deposit,Deposits,,
04/29/2024,04/29/2024,1653.75,Credit,Deposit,Deposit,,,,,Mobile Deposit,Deposits,,
04/29/2024,04/29/2024,126.00,Credit,Deposit,Deposit,,,,,Mobile Deposit,Deposits,,
04/25/2024,04/25/2024,4999.99,Debit,Transfer,Transfer,,,,,Transfer To Greg S Mudd -3429,Transfers,,
04/25/2024,04/25/2024,145.40,Debit,ACH Debit,ACH Debit,,,,,ACH Debit - Marvin Bernal,Utilities,9999999999,
04/25/2024,04/25/2024,40000.00,Credit,Deposit,Deposit,,,,,Mobile Deposit,Deposits,,
04/23/2024,04/23/2024,28897.50,Debit,Check,Check,,,,,Paid Check 7201,Checks,7201,
04/23/2024,04/23/2024,5000.00,Debit,Check,Check,,,,,Paid Check 7038,Checks,7038,
04/23/2024,04/23/2024,4999.99,Debit,Transfer,Transfer,,,,,Transfer To Greg S Mudd -3429,Transfers,,
04/23/2024,04/23/2024,399.00,Debit,Transfer,Transfer,,,,,Transfer To Greg S Mudd -3429,Transfers,,
04/23/2024,04/23/2024,286.11,Debit,Transfer,Transfer,,,,,Transfer To Greg S Mudd -3429,Transfers,,
04/23/2024,04/23/2024,50.00,Debit,Transfer,Transfer,,,,,Transfer To Greg S Mudd -3429,Transfers,,
04/23/2024,04/23/2024,15.00,Debit,Transfer,Transfer,,,,,Transfer To Greg S Mudd -3429,Transfers,,
04/22/2024,04/22/2024,4900.00,Debit,Check,Check,,,,,Paid Check 7040,Checks,7040,
04/22/2024,04/22/2024,17760.39,Credit,Deposit,Deposit,,,,,Branch Deposit,Deposits,,
04/22/2024,04/22/2024,3955.00,Credit,Deposit,Deposit,,,,,Mobile Deposit,Deposits,,
04/18/2024,04/18/2024,1081.50,Debit,Check,Check,,,,,Paid Check 7200,Checks,7200,
04/18/2024,04/18/2024,4999.99,Debit,Transfer,Transfer,,,,,Transfer To Greg S Mudd -3429,Transfers,,
04/16/2024,04/16/2024,11.00,Debit,ACH Debit,ACH Debit,,,,,- Usaepay Gateway Gatewy Chg XX4348,Groceries,12204348,
04/16/2024,04/16/2024,250.00,Debit,ACH Debit,ACH Debit,,,,,Benjamin Garcia,Restaurants/Dining,9999999999,
04/16/2024,04/16/2024,130.00,Debit,ACH Debit,ACH Debit,,,,,ACH Debit - Marvin Bernal,Utilities,9999999999,
04/15/2024,04/15/2024,4999.99,Debit,Transfer,Transfer,,,,,Transfer To Greg S Mudd -3429,Transfers,,
04/15/2024,04/15/2024,4999.99,Debit,Transfer,Transfer,,,,,Transfer To Greg S Mudd -3429,Transfers,,
04/15/2024,04/15/2024,4999.99,Debit,Transfer,Transfer,,,,,Transfer To Greg S Mudd -3429,Transfers,,
04/12/2024,04/12/2024,2700.00,Debit,Check,Check,,,,,Paid Check 5128000001,Checks,5128000001,
04/12/2024,04/12/2024,380.00,Debit,Check,Check,,,,,Paid Check 7034,Checks,7034,
04/09/2024,04/09/2024,1732.50,Debit,Check,Check,,,,,Paid Check 5127,Checks,5127,
04/09/2024,04/09/2024,4999.99,Debit,Transfer,Transfer,,,,,Transfer To Greg S Mudd -3429,Transfers,,
04/09/2024,04/09/2024,24365.00,Credit,Deposit,Deposit,,,,,Mobile Deposit,Deposits,,
04/08/2024,04/08/2024,24117.24,Debit,Debit,Debit,,,,,Adjustment - Debit,Other Expenses,,
04/08/2024,04/08/2024,24117.24,Credit,Deposit,Deposit,,,,,Mobile Deposit,Deposits,,
04/08/2024,04/08/2024,9450.00,Credit,Deposit,Deposit,,,,,Mobile Deposit,Deposits,,
04/03/2024,04/03/2024,24117.24,Debit,Debit,Debit,,,,,Adjustment - Debit,Other Expenses,,
04/03/2024,04/03/2024,24117.24,Credit,Deposit,Deposit,,,,,Mobile Deposit,Deposits,,
04/02/2024,04/02/2024,9865.00,Credit,Deposit,Deposit,,,,,Mobile Deposit,Deposits,,
04/01/2024,04/01/2024,5000.00,Debit,Transfer,Transfer,,,,,Transfer To Greg S Mudd -3429,Transfers,,
04/01/2024,04/01/2024,4999.99,Debit,Transfer,Transfer,,,,,Transfer To Greg S Mudd -3429,Transfers,,
04/01/2024,04/01/2024,1746.15,Debit,Transfer,Transfer,,,,,Transfer To Greg S Mudd -3429,Transfers,,
04/01/2024,04/01/2024,250.00,Debit,ACH Debit,ACH Debit,,,,,Benjamin Garcia,Restaurants/Dining,9999999999,
04/01/2024,04/01/2024,123.75,Debit,ACH Debit,ACH Debit,,,,,ACH Debit - Marvin Bernal,Utilities,9999999999,
03/29/2024,03/29/2024,0.23,Credit,Credit,Credit,,,,,Interest Income,Interest,,
03/29/2024,03/29/2024,28897.50,Debit,Check,Check,,,,,Paid Check 7204,Checks,7204,
03/29/2024,03/29/2024,24117.24,Credit,Deposit,Deposit,,,,,Mobile Deposit,Deposits,,
03/29/2024,03/29/2024,1500.00,Credit,Deposit,Deposit,,,,,Mobile Deposit,Deposits,,
03/29/2024,03/29/2024,1457.99,Credit,Deposit,Deposit,,,,,Mobile Deposit,Deposits,,
03/29/2024,03/29/2024,120.00,Credit,Deposit,Deposit,,,,,Mobile Deposit,Deposits,,
03/28/2024,03/28/2024,35868.89,Credit,Deposit,Deposit,,,,,Mobile Deposit,Deposits,,
03/28/2024,03/28/2024,1096.00,Credit,Deposit,Deposit,,,,,Mobile Deposit,Deposits,,
03/27/2024,03/27/2024,25000.00,Credit,Deposit,Deposit,,,,,Mobile Deposit,Deposits,,
03/18/2024,03/18/2024,250.00,Debit,ACH Debit,ACH Debit,,,,,Benjamin Garcia,Restaurants/Dining,9999999999,
03/18/2024,03/18/2024,123.75,Debit,ACH Debit,ACH Debit,,,,,ACH Debit - Marvin Bernal,Utilities,9999999999,
03/14/2024,03/14/2024,10.00,Debit,ACH Debit,ACH Debit,,,,,- Usaepay Gateway Gatewy Chg XX4348,Groceries,12204348,
03/13/2024,03/13/2024,4999.99,Debit,Transfer,Transfer,,,,,Transfer To Greg S Mudd -3429,Transfers,,
03/12/2024,03/12/2024,3955.00,Credit,Deposit,Deposit,,,,,Mobile Deposit,Deposits,,
03/06/2024,03/06/2024,1732.50,Debit,Check,Check,,,,,Paid Check 5124,Checks,5124,
03/05/2024,03/05/2024,28897.50,Debit,Check,Check,,,,,Paid Check 7202,Checks,7202,
03/04/2024,03/04/2024,5000.00,Debit,Transfer,Transfer,,,,,Transfer To Greg S Mudd -3429,Transfers,,
03/04/2024,03/04/2024,5000.00,Debit,Transfer,Transfer,,,,,Transfer To Greg S Mudd -3429,Transfers,,
03/04/2024,03/04/2024,5000.00,Debit,Transfer,Transfer,,,,,Transfer To Greg S Mudd -3429,Transfers,,
03/04/2024,03/04/2024,5000.00,Debit,Transfer,Transfer,,,,,Transfer To Greg S Mudd -3429,Transfers,,
03/04/2024,03/04/2024,1344.60,Debit,Transfer,Transfer,,,,,Transfer To Greg S Mudd -3429,Transfers,,
03/01/2024,03/01/2024,1589.34,Debit,Check,Check,,,,,Paid Check 7199,Checks,7199,
03/01/2024,03/01/2024,250.00,Debit,ACH Debit,ACH Debit,,,,,Benjamin Garcia,Restaurants/Dining,9999999999,
03/01/2024,03/01/2024,123.75,Debit,ACH Debit,ACH Debit,,,,,ACH Debit - Marvin Bernal,Utilities,9999999999,
03/01/2024,03/01/2024,4343.00,Credit,Deposit,Deposit,,,,,Mobile Deposit,Deposits,,
03/01/2024,03/01/2024,1653.75,Credit,Deposit,Deposit,,,,,Mobile Deposit,Deposits,,
02/29/2024,02/29/2024,0.25,Credit,Credit,Credit,,,,,Interest Income,Interest,,
02/27/2024,02/27/2024,1604.00,Debit,Check,Check,,,,,Paid Check 5126,Checks,5126,
02/26/2024,02/26/2024,28897.50,Debit,Check,Check,,,,,Paid Check 7198,Checks,7198,
02/26/2024,02/26/2024,5000.00,Debit,Transfer,Transfer,,,,,Transfer To Greg S Mudd -3429,Transfers,,
02/26/2024,02/26/2024,59173.96,Credit,Deposit,Deposit,,,,,Branch Deposit,Deposits,,
02/21/2024,02/21/2024,22981.34,Credit,Deposit,Deposit,,,,,Mobile Deposit,Deposits,,
02/20/2024,02/20/2024,6500.00,Debit,Check,Check,,,,,Paid Check 7033,Checks,7033,
02/20/2024,02/20/2024,22981.34,Debit,Debit,Debit,,,,,Adjustment - Debit,Other Expenses,,
02/20/2024,02/20/2024,393.75,Credit,Deposit,Deposit,,,,,Mobile Deposit,Deposits,,
02/20/2024,02/20/2024,15.00,Credit,Deposit,Deposit,,,,,Mobile Deposit,Deposits,,
02/20/2024,02/20/2024,29.00,Credit,Credit,Credit,,,,,Refund - ACH Item Fees,Refunds/Adjustments,,
02/16/2024,02/16/2024,10.00,Debit,ACH Debit,ACH Debit,,,,,- Usaepay Gateway Gatewy Chg XX4348,Groceries,12204348,
02/16/2024,02/16/2024,250.00,Debit,ACH Debit,ACH Debit,,,,,Benjamin Garcia,Restaurants/Dining,9999999999,
02/16/2024,02/16/2024,123.75,Debit,ACH Debit,ACH Debit,,,,,ACH Debit - Marvin Bernal,Utilities,9999999999,
02/15/2024,02/15/2024,29.00,Debit,Debit,Debit,,,,,Returned Item Fee Check# 7197,Service Charges/Fees,7197,
02/14/2024,02/14/2024,22981.34,Credit,Deposit,Deposit,,,,,Mobile Deposit,Deposits,,
02/13/2024,02/13/2024,75.89,Debit,ACH Debit,ACH Debit,,,,,- Annearundelco-no Billpay XX0001,Online Services,9100001,
02/13/2024,02/13/2024,35.28,Debit,ACH Debit,ACH Debit,,,,,- Annearundelco-no Billpay XX0001,Online Services,9100001,
02/13/2024,02/13/2024,0.50,Debit,ACH Debit,ACH Debit,,,,,Payment to Paymentus,Credit Card Payments,9100001,
02/13/2024,02/13/2024,0.50,Debit,ACH Debit,ACH Debit,,,,,Payment to Paymentus,Credit Card Payments,9100001,
02/13/2024,02/13/2024,4343.00,Credit,Deposit,Deposit,,,,,Mobile Deposit,Deposits,,
02/13/2024,02/13/2024,1653.75,Credit,Deposit,Deposit,,,,,Mobile Deposit,Deposits,,
02/13/2024,02/13/2024,512.80,Credit,Deposit,Deposit,,,,,Mobile Deposit,Deposits,,
02/12/2024,02/12/2024,202.47,Debit,Check,Check,,,,,Paid Check 5125,Checks,5125,
02/08/2024,02/08/2024,1732.50,Debit,Check,Check,,,,,Paid Check 5122,Checks,5122,
02/05/2024,02/05/2024,5000.00,Debit,Transfer,Transfer,,,,,Transfer To Greg S Mudd -3429,Transfers,,
02/05/2024,02/05/2024,2057.98,Credit,Deposit,Deposit,,,,,Mobile Deposit,Deposits,,
02/01/2024,02/01/2024,1248.99,Debit,Check,Check,,,,,Paid Check 7196,Checks,7196,
02/01/2024,02/01/2024,5000.00,Debit,Transfer,Transfer,,,,,Transfer To Greg S Mudd -3429,Transfers,,
02/01/2024,02/01/2024,250.00,Debit,ACH Debit,ACH Debit,,,,,Benjamin Garcia,Restaurants/Dining,9999999999,
02/01/2024,02/01/2024,123.75,Debit,ACH Debit,ACH Debit,,,,,ACH Debit - Marvin Bernal,Utilities,9999999999,
01/31/2024,01/31/2024,0.41,Credit,Credit,Credit,,,,,Interest Income,Interest,,
01/30/2024,01/30/2024,891.67,Debit,Check,Check,,,,,Paid Check 5123,Checks,5123,
01/29/2024,01/29/2024,28897.50,Debit,Check,Check,,,,,Paid Check 7195,Checks,7195,
01/26/2024,01/26/2024,5000.00,Debit,Transfer,Transfer,,,,,Transfer To Greg S Mudd -3429,Transfers,,
01/26/2024,01/26/2024,5000.00,Debit,Transfer,Transfer,,,,,Transfer To Greg S Mudd -3429,Transfers,,
01/26/2024,01/26/2024,1591.28,Debit,Transfer,Transfer,,,,,Transfer To Greg S Mudd -3429,Transfers,,
01/25/2024,01/25/2024,915.92,Debit,Check,Check,,,,,Paid Check 7194,Checks,7194,
01/25/2024,01/25/2024,10575.75,Credit,Deposit,Deposit,,,,,Mobile Deposit,Deposits,,
01/23/2024,01/23/2024,5000.00,Debit,Transfer,Transfer,,,,,Transfer To Greg S Mudd -3429,Transfers,,
01/23/2024,01/23/2024,5000.00,Debit,Transfer,Transfer,,,,,Transfer To Greg S Mudd -3429,Transfers,,
01/22/2024,01/22/2024,24015.79,Credit,Deposit,Deposit,,,,,Mobile Deposit,Deposits,,
01/18/2024,01/18/2024,10.00,Debit,ACH Debit,ACH Debit,,,,,- Usaepay Gateway Gatewy Chg XX4348,Groceries,12204348,
01/16/2024,01/16/2024,250.00,Debit,ACH Debit,ACH Debit,,,,,Benjamin Garcia,Restaurants/Dining,9999999999,
01/16/2024,01/16/2024,123.75,Debit,ACH Debit,ACH Debit,,,,,ACH Debit - Marvin Bernal,Utilities,9999999999,
01/12/2024,01/12/2024,28897.50,Debit,Check,Check,,,,,Paid Check 7192,Checks,7192,
01/11/2024,01/11/2024,1732.50,Debit,Check,Check,,,,,Paid Check 5121,Checks,5121,
01/11/2024,01/11/2024,4343.00,Credit,Deposit,Deposit,,,,,Mobile Deposit,Deposits,,
01/11/2024,01/11/2024,1653.75,Credit,Deposit,Deposit,,,,,Mobile Deposit,Deposits,,
01/11/2024,01/11/2024,1500.00,Credit,Deposit,Deposit,,,,,Mobile Deposit,Deposits,,
01/09/2024,01/09/2024,5000.00,Debit,Transfer,Transfer,,,,,Transfer To Greg S Mudd -3429,Transfers,,
01/09/2024,01/09/2024,5000.00,Debit,Transfer,Transfer,,,,,Transfer To Greg S Mudd -3429,Transfers,,
01/09/2024,01/09/2024,5000.00,Debit,Transfer,Transfer,,,,,Transfer To Greg S Mudd -3429,Transfers,,
01/09/2024,01/09/2024,40979.50,Credit,Deposit,Deposit,,,,,Mobile Deposit,Deposits,,
01/09/2024,01/09/2024,15.00,Credit,Deposit,Deposit,,,,,Mobile Deposit,Deposits,,
01/08/2024,01/08/2024,1732.50,Debit,Check,Check,,,,,Paid Check 5119,Checks,5119,
01/05/2024,01/05/2024,5000.00,Credit,Transfer,Transfer,,,,,Transfer From -greg S Mudd 3429,Transfers,,
01/03/2024,01/03/2024,5000.00,Debit,Transfer,Transfer,,,,,Transfer To Greg S Mudd -3429,Transfers,,
01/02/2024,01/02/2024,28897.50,Debit,Check,Check,,,,,Paid Check 7193,Checks,7193,
01/02/2024,01/02/2024,250.00,Debit,ACH Debit,ACH Debit,,,,,Benjamin Garcia,Restaurants/Dining,9999999999,
01/02/2024,01/02/2024,123.75,Debit,ACH Debit,ACH Debit,,,,,ACH Debit - Marvin Bernal,Utilities,9999999999,
12/29/2023,12/29/2023,0.69,Credit,Credit,Credit,,,,,Interest Income,Interest,,
12/29/2023,12/29/2023,5000.00,Credit,Transfer,Transfer,,,,,Transfer From -greg S Mudd 3429,Transfers,,
12/28/2023,12/28/2023,5000.00,Debit,Transfer,Transfer,,,,,Transfer To Greg S Mudd -3429,Transfers,,
12/27/2023,12/27/2023,28897.50,Debit,Check,Check,,,,,Paid Check 7189,Checks,7189,
12/26/2023,12/26/2023,28897.50,Debit,Check,Check,,,,,Paid Check 7190,Checks,7190,
12/20/2023,12/20/2023,65354.80,Credit,Deposit,Deposit,,,,,Branch Deposit,Deposits,,
12/20/2023,12/20/2023,393.70,Credit,Deposit,Deposit,,,,,Mobile Deposit,Deposits,,
12/18/2023,12/18/2023,123.75,Debit,ACH Debit,ACH Debit,,,,,ACH Debit - Marvin Bernal,Utilities,9999999999,
12/18/2023,12/18/2023,19.42,Debit,ACH Debit,ACH Debit,,,,,Benjamin Garcia,Restaurants/Dining,9999999999,
12/18/2023,12/18/2023,120.00,Credit,Deposit,Deposit,,,,,Mobile Deposit,Deposits,,
12/15/2023,12/15/2023,10.00,Debit,ACH Debit,ACH Debit,,,,,- Usaepay Gateway Gatewy Chg XX4348,Groceries,12204348,
12/15/2023,12/15/2023,236.25,Debit,ACH Debit,ACH Debit,,,,,ACH Debit - Marvin Bernal,Utilities,9999999999,
12/15/2023,12/15/2023,236.25,Debit,Debit,Debit,,,,,- Marvin Bernal ACH XX9999,Transfers,,
12/15/2023,12/15/2023,10.00,Debit,Debit,Debit,,,,,- USAePAY Gateway Gatewy Chg XX4348,Online Services,,
12/14/2023,12/14/2023,200.00,Debit,ACH Debit,ACH Debit,,,,,Benjamin Garcia,Restaurants/Dining,9999999999,
12/14/2023,12/14/2023,200.00,Debit,Debit,Debit,,,,,- Benjamin Garcia ACH XX9999,Insurance,,
12/07/2023,12/07/2023,5000.00,Debit,Debit,Debit,,,,,Transfer to GREG S MUDD TRF TO OTHER,Transfers,,
12/07/2023,12/07/2023,5000.00,Debit,Debit,Debit,,,,,Transfer to GREG S MUDD TRF TO OTHER,Transfers,,
12/07/2023,12/07/2023,3100.67,Debit,Debit,Debit,,,,,Transfer to GREG S MUDD TRF TO OTHER,Transfers,,
12/05/2023,12/05/2023,111.86,Debit,Debit,Debit,,,,,Paid Check 0000005120 PAID CHECK,Checks,,
12/04/2023,12/04/2023,393.75,Credit,Credit,Credit,,,,,eDeposit-Scan Mobile EDEPOSIT-SCAN MOBILE,Deposits,,
12/04/2023,12/04/2023,1500.00,Credit,Credit,Credit,,,,,eDeposit-Scan Mobile EDEPOSIT-SCAN MOBILE,Deposits,,
12/01/2023,12/01/2023,441.00,Credit,Credit,Credit,,,,,eDeposit-Scan Mobile EDEPOSIT-SCAN MOBILE,Deposits,,
12/01/2023,12/01/2023,4343.00,Credit,Credit,Credit,,,,,eDeposit-Scan Mobile EDEPOSIT-SCAN MOBILE,Deposits,,
12/01/2023,12/01/2023,1653.75,Credit,Credit,Credit,,,,,eDeposit-Scan Mobile EDEPOSIT-SCAN MOBILE,Deposits,,
12/01/2023,12/01/2023,1042.17,Debit,Debit,Debit,,,,,Paid Check 0000007188 PAID CHECK,Checks,,
12/01/2023,12/01/2023,124.42,Debit,Debit,Debit,,,,,- Benjamin Garcia ACH XX9999,Insurance,,
12/01/2023,12/01/2023,123.75,Debit,Debit,Debit,,,,,- Marvin Bernal ACH XX9999,Transfers,,
11/30/2023,11/30/2023,1586.11,Debit,Debit,Debit,,,,,Paid Check 0000007181 PAID CHECK,Checks,,
11/30/2023,11/30/2023,0.47,Credit,Credit,Credit,,,,,Dividend (GT20)DIVIDEND,Investment Income,,
11/29/2023,11/29/2023,23470.36,Credit,Credit,Credit,,,,,eDeposit-Scan Mobile EDEPOSIT-SCAN MOBILE,Deposits,,
11/28/2023,11/28/2023,1732.50,Debit,Debit,Debit,,,,,Paid Check 0000005118 PAID CHECK,Checks,,
11/28/2023,11/28/2023,28897.50,Debit,Debit,Debit,,,,,Paid Check 0000007180 PAID CHECK,Checks,,
11/16/2023,11/16/2023,28897.50,Debit,Debit,Debit,,,,,Paid Check 0000007187 PAID CHECK,Checks,,
11/16/2023,11/16/2023,124.42,Debit,Debit,Debit,,,,,- Benjamin Garcia ACH XX2402,Insurance,,
11/16/2023,11/16/2023,123.75,Debit,Debit,Debit,,,,,- Marvin Bernal ACH XX2402,Transfers,,
11/16/2023,11/16/2023,47005.15,Credit,Credit,Credit,,,,,eDeposit-Scan Mobile EDEPOSIT-SCAN MOBILE,Deposits,,
11/15/2023,11/15/2023,10.00,Debit,ACH Debit,ACH Debit,,,,,- Usaepay Gateway Gatewy Chg XX4348,Groceries,12204348,
11/15/2023,11/15/2023,10.00,Debit,Debit,Debit,,,,,- USAePAY Gateway Gatewy Chg XX4348,Online Services,,
11/14/2023,11/14/2023,23166.50,Credit,Deposit,Deposit,,,,,Deposit,Deposits,,
11/14/2023,11/14/2023,240.00,Credit,Deposit,Deposit,,,,,Deposit,Deposits,,
11/14/2023,11/14/2023,240.00,Credit,Credit,Credit,,,,,Branch Deposit DEPOSIT,Deposits,,
11/14/2023,11/14/2023,23166.50,Credit,Credit,Credit,,,,,eDeposit-Scan Mobile EDEPOSIT-SCAN MOBILE,Deposits,,
11/08/2023,11/08/2023,79.00,Credit,Deposit,Deposit,,,,,Deposit,Deposits,,
11/07/2023,11/07/2023,4343.00,Credit,Deposit,Deposit,,,,,Deposit,Deposits,,
11/07/2023,11/07/2023,1840.20,Credit,Deposit,Deposit,,,,,Deposit,Deposits,,
11/07/2023,11/07/2023,1653.75,Credit,Deposit,Deposit,,,,,Deposit,Deposits,,
11/03/2023,11/03/2023,281.06,Debit,Check,Check,,,,,Payment by Check,Checks,7186,
11/01/2023,11/01/2023,28897.50,Debit,Check,Check,,,,,7185,Other Expenses,7185,
10/31/2023,10/31/2023,0.23,Credit,Credit,Credit,,,,,Interest,Interest,,
10/31/2023,10/31/2023,124.42,Debit,ACH Debit,ACH Debit,,,,,Benjamin Garcia,Restaurants/Dining,9999999999,
10/31/2023,10/31/2023,123.75,Debit,ACH Debit,ACH Debit,,,,,ACH Debit - Marvin Bernal,Utilities,9999999999,
10/31/2023,10/31/2023,393.75,Credit,Deposit,Deposit,,,,,Deposit,Deposits,,
10/30/2023,10/30/2023,23579.99,Credit,Deposit,Deposit,,,,,Deposit,Deposits,,
10/30/2023,10/30/2023,15710.76,Credit,Deposit,Deposit,,,,,Deposit,Deposits,,
10/30/2023,10/30/2023,4343.00,Credit,Deposit,Deposit,,,,,Deposit,Deposits,,
10/30/2023,10/30/2023,1653.75,Credit,Deposit,Deposit,,,,,Deposit,Deposits,,
10/30/2023,10/30/2023,1500.00,Credit,Deposit,Deposit,,,,,Deposit,Deposits,,
10/23/2023,10/23/2023,2430.67,Debit,Check,Check,,,,,Payment by Check,Checks,5114,
10/23/2023,10/23/2023,917.07,Debit,Check,Check,,,,,Payment by Check,Checks,7184,
10/17/2023,10/17/2023,10.00,Debit,ACH Debit,ACH Debit,,,,,- Usaepay Gateway Gatewy Chg XX4348,Groceries,12204348,
10/17/2023,10/17/2023,5000.00,Debit,Transfer,Transfer,,,,,Transfer,Transfers,,
10/17/2023,10/17/2023,5000.00,Debit,Transfer,Transfer,,,,,Transfer,Transfers,,
10/17/2023,10/17/2023,5000.00,Debit,Transfer,Transfer,,,,,Transfer,Transfers,,
10/17/2023,10/17/2023,5000.00,Debit,Transfer,Transfer,,,,,Transfer,Transfers,,
10/17/2023,10/17/2023,5000.00,Debit,Transfer,Transfer,,,,,Transfer,Transfers,,
10/17/2023,10/17/2023,5000.00,Debit,Transfer,Transfer,,,,,Transfer,Transfers,,
10/16/2023,10/16/2023,124.42,Debit,ACH Debit,ACH Debit,,,,,Benjamin Garcia,Restaurants/Dining,9999999999,
10/16/2023,10/16/2023,123.75,Debit,ACH Debit,ACH Debit,,,,,ACH Debit - Marvin Bernal,Utilities,9999999999,
10/13/2023,10/13/2023,5000.00,Debit,Transfer,Transfer,,,,,Transfer,Transfers,,
10/13/2023,10/13/2023,28307.41,Credit,Deposit,Deposit,,,,,Deposit,Deposits,,
10/13/2023,10/13/2023,5435.00,Credit,Deposit,Deposit,,,,,Deposit,Deposits,,
10/11/2023,10/11/2023,1500.00,Credit,Deposit,Deposit,,,,,Deposit,Deposits,,
10/11/2023,10/11/2023,73.45,Credit,Deposit,Deposit,,,,,Deposit,Deposits,,
10/10/2023,10/10/2023,1732.50,Debit,Check,Check,,,,,Payment by Check,Checks,5113,
10/10/2023,10/10/2023,5000.00,Debit,Transfer,Transfer,,,,,Transfer,Transfers,,
10/04/2023,10/04/2023,30000.00,Debit,Debit,Debit,,,,,Transfer,Transfers,,
10/04/2023,10/04/2023,25.00,Debit,Debit,Debit,,,,,Other Charges/Fees,Service Charges/Fees,,
10/02/2023,10/02/2023,315.00,Debit,Check,Check,,,,,Payment by Check,Checks,5116,
10/02/2023,10/02/2023,91.80,Debit,Check,Check,,,,,Payment by Check,Checks,5117,
10/02/2023,10/02/2023,5000.00,Debit,Transfer,Transfer,,,,,Transfer,Transfers,,
10/02/2023,10/02/2023,124.42,Debit,ACH Debit,ACH Debit,,,,,Benjamin Garcia,Restaurants/Dining,9999999999,
10/02/2023,10/02/2023,123.75,Debit,ACH Debit,ACH Debit,,,,,ACH Debit - Marvin Bernal,Utilities,9999999999,
09/29/2023,09/29/2023,0.56,Credit,Credit,Credit,,,,,Investment Income/Cash,Investment Income,,
09/29/2023,09/29/2023,28897.50,Debit,Check,Check,,,,,Payment by Check,Checks,7179,
09/28/2023,09/28/2023,28897.50,Debit,Check,Check,,,,,Payment by Check,Checks,7178,
09/28/2023,09/28/2023,21196.25,Credit,Deposit,Deposit,,,,,Deposit,Deposits,,
09/27/2023,09/27/2023,104.04,Debit,Check,Check,,,,,Payment by Check,Checks,5115,
09/27/2023,09/27/2023,5000.00,Debit,Transfer,Transfer,,,,,Transfer,Transfers,,
09/26/2023,09/26/2023,5000.00,Debit,Transfer,Transfer,,,,,Transfer,Transfers,,
09/26/2023,09/26/2023,726.34,Credit,Transfer,Transfer,,,,,Transfer,Transfers,,
09/22/2023,09/22/2023,55186.28,Credit,Deposit,Deposit,,,,,Deposit,Deposits,,
09/20/2023,09/20/2023,2465.79,Credit,Deposit,Deposit,,,,,Deposit,Deposits,,
09/20/2023,09/20/2023,120.00,Credit,Deposit,Deposit,,,,,Deposit,Deposits,,
09/19/2023,09/19/2023,5000.00,Debit,Transfer,Transfer,,,,,Transfer,Transfers,,
09/19/2023,09/19/2023,5000.00,Debit,Transfer,Transfer,,,,,Transfer,Transfers,,
09/18/2023,09/18/2023,1205.00,Debit,Debit,Debit,,,,,Transfer,Transfers,,
09/18/2023,09/18/2023,124.42,Debit,ACH Debit,ACH Debit,,,,,Benjamin Garcia,Restaurants/Dining,9999999999,
09/18/2023,09/18/2023,123.75,Debit,ACH Debit,ACH Debit,,,,,ACH Debit - Marvin Bernal,Utilities,9999999999,
09/15/2023,09/15/2023,28897.50,Debit,Check,Check,,,,,Payment by Check,Checks,7177,
09/15/2023,09/15/2023,10.00,Debit,ACH Debit,ACH Debit,,,,,- Usaepay Gateway Gatewy Chg XX4348,Groceries,12204348,
09/15/2023,09/15/2023,20737.35,Credit,Deposit,Deposit,,,,,Deposit,Deposits,,
09/15/2023,09/15/2023,1500.00,Credit,Deposit,Deposit,,,,,Deposit,Deposits,,
09/12/2023,09/12/2023,1732.50,Debit,Check,Check,,,,,Payment by Check,Checks,5109,
09/12/2023,09/12/2023,352.42,Debit,Check,Check,,,,,Payment by Check,Checks,7174,
09/12/2023,09/12/2023,5000.00,Debit,Transfer,Transfer,,,,,Transfer,Transfers,,
09/12/2023,09/12/2023,5000.00,Debit,Transfer,Transfer,,,,,Transfer,Transfers,,
09/12/2023,09/12/2023,4310.20,Debit,Transfer,Transfer,,,,,Transfer,Transfers,,
09/11/2023,09/11/2023,21196.25,Credit,Deposit,Deposit,,,,,Deposit,Deposits,,
09/06/2023,09/06/2023,73.45,Credit,Deposit,Deposit,,,,,Deposit,Deposits,,
09/05/2023,09/05/2023,4343.00,Credit,Deposit,Deposit,,,,,Deposit,Deposits,,
09/05/2023,09/05/2023,3072.50,Credit,Deposit,Deposit,,,,,Deposit,Deposits,,
09/05/2023,09/05/2023,1653.75,Credit,Deposit,Deposit,,,,,Deposit,Deposits,,
09/01/2023,09/01/2023,124.42,Debit,ACH Debit,ACH Debit,,,,,Benjamin Garcia,Restaurants/Dining,9999999999,
09/01/2023,09/01/2023,123.75,Debit,ACH Debit,ACH Debit,,,,,ACH Debit - Marvin Bernal,Utilities,9999999999,
08/31/2023,08/31/2023,0.42,Credit,Credit,Credit,,,,,Investment Income/Cash,Investment Income,,
08/31/2023,08/31/2023,22897.50,Debit,Check,Check,,,,,Payment by Check,Checks,7173,
08/31/2023,08/31/2023,581.83,Credit,Deposit,Deposit,,,,,Deposit,Deposits,,
08/29/2023,08/29/2023,4343.00,Credit,Deposit,Deposit,,,,,Deposit,Deposits,,
08/28/2023,08/28/2023,95.71,Debit,Check,Check,,,,,Payment by Check,Checks,5111,
08/28/2023,08/28/2023,84.45,Debit,Check,Check,,,,,Payment by Check,Checks,5112,
08/28/2023,08/28/2023,3767.50,Credit,Deposit,Deposit,,,,,Deposit,Deposits,,
08/28/2023,08/28/2023,1653.75,Credit,Deposit,Deposit,,,,,Deposit,Deposits,,
08/28/2023,08/28/2023,1500.00,Credit,Deposit,Deposit,,,,,Deposit,Deposits,,
08/18/2023,08/18/2023,876.00,Debit,Debit,Debit,,,,,Edeposit-adj,Other Expenses,,
08/17/2023,08/17/2023,150.00,Debit,ACH Debit,ACH Debit,,,,,Transfer,Transfers,9100001,
08/17/2023,08/17/2023,41598.33,Credit,Deposit,Deposit,,,,,Deposit,Deposits,,
08/17/2023,08/17/2023,876.00,Credit,Deposit,Deposit,,,,,Deposit,Deposits,,
08/16/2023,08/16/2023,124.42,Debit,ACH Debit,ACH Debit,,,,,Benjamin Garcia,Restaurants/Dining,9999999999,
08/16/2023,08/16/2023,123.75,Debit,ACH Debit,ACH Debit,,,,,ACH Debit - Marvin Bernal,Utilities,9999999999,
08/15/2023,08/15/2023,3088.67,Debit,Check,Check,,,,,Payment by Check,Checks,5110,
08/15/2023,08/15/2023,10.00,Debit,ACH Debit,ACH Debit,,,,,- Usaepay Gateway Gatewy Chg XX4348,Groceries,12204348,
08/11/2023,08/11/2023,22897.50,Debit,Check,Check,,,,,Payment by Check,Checks,7172,
08/10/2023,08/10/2023,1732.50,Debit,Check,Check,,,,,Payment by Check,Checks,5104,
08/10/2023,08/10/2023,5000.00,Debit,Transfer,Transfer,,,,,Transfer,Transfers,,
08/10/2023,08/10/2023,5000.00,Debit,Transfer,Transfer,,,,,Transfer,Transfers,,
08/10/2023,08/10/2023,5000.00,Debit,Transfer,Transfer,,,,,Transfer,Transfers,,
08/10/2023,08/10/2023,5000.00,Debit,Transfer,Transfer,,,,,Transfer,Transfers,,
08/10/2023,08/10/2023,5000.00,Debit,Transfer,Transfer,,,,,Transfer,Transfers,,
08/10/2023,08/10/2023,2673.11,Debit,Transfer,Transfer,,,,,Transfer,Transfers,,
08/08/2023,08/08/2023,20312.69,Credit,Deposit,Deposit,,,,,Deposit,Deposits,,
08/07/2023,08/07/2023,23166.50,Credit,Deposit,Deposit,,,,,Deposit,Deposits,,
08/07/2023,08/07/2023,1183.12,Credit,Deposit,Deposit,,,,,Deposit,Deposits,,
08/07/2023,08/07/2023,120.00,Credit,Deposit,Deposit,,,,,Deposit,Deposits,,
08/07/2023,08/07/2023,73.45,Credit,Deposit,Deposit,,,,,Deposit,Deposits,,
08/02/2023,08/02/2023,2732.09,Debit,Check,Check,,,,,Payment by Check,Checks,7171,
08/02/2023,08/02/2023,541.35,Debit,Check,Check,,,,,Payment by Check,Checks,5107,
08/01/2023,08/01/2023,658.09,Debit,Check,Check,,,,,Payment by Check,Checks,5106,
08/01/2023,08/01/2023,499.35,Debit,Check,Check,,,,,Payment by Check,Checks,5108,
08/01/2023,08/01/2023,124.42,Debit,ACH Debit,ACH Debit,,,,,Benjamin Garcia,Restaurants/Dining,9999999999,
08/01/2023,08/01/2023,123.75,Debit,ACH Debit,ACH Debit,,,,,ACH Debit - Marvin Bernal,Utilities,9999999999,
07/31/2023,07/31/2023,0.31,Credit,Credit,Credit,,,,,Investment Income/Cash,Investment Income,,
07/31/2023,07/31/2023,13897.50,Debit,Check,Check,,,,,Payment by Check,Checks,7170,
07/26/2023,07/26/2023,1229.33,Debit,Check,Check,,,,,Payment by Check,Checks,5105,
07/24/2023,07/24/2023,2500.00,Debit,Check,Check,,,,,Payment by Check,Checks,5103,
07/24/2023,07/24/2023,1938.95,Debit,Check,Check,,,,,Payment by Check,Checks,7169,
07/21/2023,07/21/2023,2900.00,Debit,Check,Check,,,,,Payment by Check,Checks,7168,
07/19/2023,07/19/2023,3133.20,Credit,Deposit,Deposit,,,,,Deposit,Deposits,,
07/19/2023,07/19/2023,1500.00,Credit,Deposit,Deposit,,,,,Deposit,Deposits,,
07/18/2023,07/18/2023,191.25,Debit,ACH Debit,ACH Debit,,,,,ACH Debit - Marvin Bernal,Utilities,9999999999,
07/18/2023,07/18/2023,124.42,Debit,ACH Debit,ACH Debit,,,,,Benjamin Garcia,Restaurants/Dining,9999999999,
07/18/2023,07/18/2023,46873.76,Credit,Deposit,Deposit,,,,,Deposit,Deposits,,
07/17/2023,07/17/2023,10.00,Debit,ACH Debit,ACH Debit,,,,,- Usaepay Gateway Gatewy Chg XX4348,Groceries,12204348,
07/17/2023,07/17/2023,20000.00,Debit,Debit,Debit,,,,,Transfer,Transfers,,
07/17/2023,07/17/2023,25.00,Debit,Debit,Debit,,,,,Other Charges/Fees,Service Charges/Fees,,
07/14/2023,07/14/2023,15000.00,Credit,Transfer,Transfer,,,,,Transfer,Transfers,,
07/13/2023,07/13/2023,15000.00,Debit,Check,Check,,,,,Payment by Check,Checks,7167,
07/13/2023,07/13/2023,2162.80,Debit,Debit,Debit,,,,,Transfer,Transfers,,
07/13/2023,07/13/2023,25.00,Debit,Debit,Debit,,,,,Other Charges/Fees,Service Charges/Fees,,
07/12/2023,07/12/2023,1200.00,Debit,Check,Check,,,,,Payment by Check,Checks,7166,
07/12/2023,07/12/2023,10000.00,Credit,Transfer,Transfer,,,,,Transfer,Transfers,,
07/12/2023,07/12/2023,120.00,Credit,Deposit,Deposit,,,,,Deposit,Deposits,,
07/11/2023,07/11/2023,295.00,Credit,Credit,Credit,,,,,Adjustment - Credit,Refunds/Adjustments,,
07/10/2023,07/10/2023,1732.50,Debit,Check,Check,,,,,Payment by Check,Checks,5101,
07/10/2023,07/10/2023,2700.00,Debit,Check,Check,,,,,Payment by Check,Checks,7165,
07/10/2023,07/10/2023,4005.24,Credit,Deposit,Deposit,,,,,Deposit,Deposits,,
07/07/2023,07/07/2023,2043.01,Debit,Check,Check,,,,,Paid Check 7164,,7164,
07/07/2023,07/07/2023,5000.00,Debit,Transfer,Transfer,,,,,Transfer To Greg S Mudd -3429,,,
07/07/2023,07/07/2023,5000.00,Debit,Transfer,Transfer,,,,,Transfer To Greg S Mudd -3429,,,
07/07/2023,07/07/2023,5000.00,Debit,Transfer,Transfer,,,,,Transfer To Greg S Mudd -3429,,,
07/07/2023,07/07/2023,1260.87,Debit,Transfer,Transfer,,,,,Transfer To Greg S Mudd -3429,,,
07/07/2023,07/07/2023,295.00,Debit,ACH Debit,ACH Debit,,,,,ACH  Debit - Dmitriy Kopylets,,9999999999,
07/06/2023,07/06/2023,4343.00,Credit,Deposit,Deposit,,,,,Mobile Deposit,,,
07/06/2023,07/06/2023,3500.00,Credit,Deposit,Deposit,,,,,Mobile Deposit,,,
07/06/2023,07/06/2023,1653.75,Credit,Deposit,Deposit,,,,,Mobile Deposit,,,
07/05/2023,07/05/2023,574.32,Debit,Check,Check,,,,,Payment by Check,Checks,5102,
07/05/2023,07/05/2023,480.00,Debit,Check,Check,,,,,Payment by Check,Checks,5097,
07/05/2023,07/05/2023,1360.00,Debit,Check,Check,,,,,Payment by Check,Checks,7162,
07/03/2023,07/03/2023,124.42,Debit,ACH Debit,ACH Debit,,,,,ACH  Debit - Benjamin Garcia,,9999999999,
07/03/2023,07/03/2023,112.50,Debit,ACH Debit,ACH Debit,,,,,ACH  Debit - Marvin Bernal,,9999999999,
07/03/2023,07/03/2023,5.00,Debit,ACH Debit,ACH Debit,,,,,ACH  Debit - Dmitriy Kopylets,,9999999999,
07/03/2023,07/03/2023,7357.50,Credit,Deposit,Deposit,,,,,Mobile Deposit,,,
07/03/2023,07/03/2023,73.45,Credit,Deposit,Deposit,,,,,Mobile Deposit,,,
06/30/2023,06/30/2023,0.31,Credit,Credit,Credit,,,,,Dividend,,,
06/30/2023,06/30/2023,28897.50,Debit,Check,Check,,,,,Paid Check 7161,,7161,
06/28/2023,06/28/2023,1732.50,Debit,Check,Check,,,,,Paid Check 5100,,5100,
06/21/2023,06/21/2023,500.00,Debit,Check,Check,,,,,Paid Check 7160,,7160,
06/16/2023,06/16/2023,12000.00,Debit,Transfer,Transfer,,,,,Transfer To Savings -6492,,,
06/16/2023,06/16/2023,1225.00,Debit,Debit,Debit,,,,,Withdrawal By Wire,,,
06/16/2023,06/16/2023,124.42,Debit,ACH Debit,ACH Debit,,,,,ACH  Debit - Benjamin Garcia,,9999999999,
06/16/2023,06/16/2023,112.50,Debit,ACH Debit,ACH Debit,,,,,ACH  Debit - Marvin Bernal,,9999999999,
06/16/2023,06/16/2023,25.00,Debit,Debit,Debit,,,,,Wire Fee,,,
06/15/2023,06/15/2023,10.00,Debit,ACH Debit,ACH Debit,,,,,ACH Debit - Usaepay Gateway  Gatewy Chg 12204348,,12204348,
06/15/2023,06/15/2023,813.99,Debit,Transfer,Transfer,,,,,Transfer To Greg S Mudd -3429,,,
06/15/2023,06/15/2023,15813.99,Credit,Transfer,Transfer,,,,,Transfer From Savings -6492,,,
06/15/2023,06/15/2023,48097.70,Credit,Deposit,Deposit,,,,,Mobile Deposit,,,
06/13/2023,06/13/2023,28897.50,Debit,Check,Check,,,,,Paid Check 7158,,7158,
06/13/2023,06/13/2023,10000.00,Credit,Transfer,Transfer,,,,,Transfer From Savings -6492,,,
06/12/2023,06/12/2023,120.00,Credit,Deposit,Deposit,,,,,Mobile Deposit,,,
06/09/2023,06/09/2023,3563.54,Credit,Deposit,Deposit,,,,,Mobile Deposit,,,
06/06/2023,06/06/2023,5000.00,Debit,Transfer,Transfer,,,,,Transfer To Greg S Mudd -3429,,,
06/05/2023,06/05/2023,5618.75,Credit,Deposit,Deposit,,,,,Mobile Deposit,,,
06/05/2023,06/05/2023,4343.00,Credit,Deposit,Deposit,,,,,Mobile Deposit,,,
06/05/2023,06/05/2023,3500.00,Credit,Deposit,Deposit,,,,,Mobile Deposit,,,
06/05/2023,06/05/2023,1653.75,Credit,Deposit,Deposit,,,,,Mobile Deposit,,,
06/05/2023,06/05/2023,1500.00,Credit,Deposit,Deposit,,,,,Mobile Deposit,,,
06/05/2023,06/05/2023,940.61,Credit,Deposit,Deposit,,,,,Mobile Deposit,,,
06/05/2023,06/05/2023,73.45,Credit,Deposit,Deposit,,,,,Mobile Deposit,,,
06/01/2023,06/01/2023,494.53,Debit,Check,Check,,,,,Paid Check 7157,,7157,
06/01/2023,06/01/2023,124.42,Debit,ACH Debit,ACH Debit,,,,,ACH  Debit - Benjamin Garcia,,9999999999,
06/01/2023,06/01/2023,112.50,Debit,ACH Debit,ACH Debit,,,,,ACH  Debit - Marvin Bernal,,9999999999,
05/31/2023,05/31/2023,0.36,Credit,Credit,Credit,,,,,Dividend,,,
05/31/2023,05/31/2023,5000.00,Debit,Transfer,Transfer,,,,,Transfer To Greg S Mudd -3429,,,
05/31/2023,05/31/2023,10000.00,Credit,Transfer,Transfer,,,,,Transfer From Savings -6492,,,
05/26/2023,05/26/2023,28897.50,Debit,Check,Check,,,,,Paid Check 7156,,7156,
05/25/2023,05/25/2023,29000.00,Credit,Transfer,Transfer,,,,,Transfer From Savings -6492,,,
05/23/2023,05/23/2023,5000.00,Debit,Transfer,Transfer,,,,,Transfer To Greg S Mudd -3429,,,
05/19/2023,05/19/2023,76337.58,Debit,Transfer,Transfer,,,,,Transfer To Savings -6492,,,
05/16/2023,05/16/2023,10.00,Debit,ACH Debit,ACH Debit,,,,,ACH Debit - Usaepay Gateway  Gatewy Chg 12204348,,12204348,
05/16/2023,05/16/2023,112.50,Debit,ACH Debit,ACH Debit,,,,,ACH  Debit - Marvin Bernal,,9999999999,
05/16/2023,05/16/2023,74.42,Debit,ACH Debit,ACH Debit,,,,,ACH  Debit - Benjamin Garcia,,9999999999,
05/12/2023,05/12/2023,51118.95,Credit,Deposit,Deposit,,,,,Branch Deposit,,,
05/11/2023,05/11/2023,210.00,Debit,ACH Debit,ACH Debit,,,,,ACH Debit  Dmytro Kopylets Iat Paypal 9100001,,9100001,
05/10/2023,05/10/2023,1732.50,Debit,Check,Check,,,,,Paid Check 5096,,5096,
05/09/2023,05/09/2023,33897.50,Debit,Check,Check,,,,,Paid Check 7154,,7154,
05/09/2023,05/09/2023,20167.52,Credit,Deposit,Deposit,,,,,Mobile Deposit,,,
